"file","bytes","md5"
"main/All_GPR_Baseline_v0.3_portable.rds",5349032,"88587ddf3077dcc3b9d1b11efc8e1839"
"main/All_Linear_EIV_Gaussian_v0.3_portable.rds",253056,"cbcda552b92580038151c45b3d26a2fc"
"main/Sub_GPR_Baseline_v0.3_portable.rds",5378536,"2ec3d3ed900a99cec7e58fbbe866c319"
"main/Sub_Linear_EIV_Gaussian_v0.3_portable.rds",253792,"8fe463d3414b04b2385129803368889f"
"sensitivity/All_GPR_Shrinkage_v0.3_portable.rds",5454888,"2fdaa09faa0ad216cbba318285be36fc"
"sensitivity/All_GPR_XJitter_Baseline_v0.3_diagnostic.rds",252784,"c28695b02c1604d1f231a0ce70674617"
"sensitivity/All_Linear_EIV_StudentT_v0.3_portable.rds",340060,"2861bd0db7bc5b2bfd76bad86a3543fc"
"sensitivity/Sub_GPR_LatentInput_v0.3_portable.rds",5309708,"428fd0e82ab8b6cd63a512959d1c1c43"
"sensitivity/Sub_GPR_Shrinkage_v0.3_portable.rds",5344952,"52d518662302226541efb2b593c49cc6"
"sensitivity/Sub_GPR_XJitter_Baseline_v0.3_diagnostic.rds",243132,"6309a5d5681fb6aba163beb90cba92e5"
"sensitivity/Sub_Linear_EIV_StudentT_v0.3_portable.rds",352928,"69543e57d3963dab1ffe60d54110cbf7"
